Cluster,Keyword,Type,Intent,Monthly Volume Est,Competition
Facebook Ads Core,facebook ads mastery,Core,Commercial,8100,Medium
Facebook Ads Core,facebook advertising,Core,Informational,110000,High
Facebook Ads Core,facebook ads guide,Core,Informational,12100,Medium
Facebook Ads Core,meta ads guide,Core,Informational,9900,Medium
Facebook Ads Core,facebook ads tutorial,Core,Informational,8100,Medium
Facebook Ads Core,how to run facebook ads,Core,Informational,14800,Medium
Facebook Ads Core,facebook ads manager,Core,Navigational,60500,High
Facebook Ads Core,meta advertising,Core,Informational,18100,Medium
Facebook Ads Core,facebook business ads,Core,Informational,12100,Medium
Facebook Ads Core,facebook paid advertising,Core,Informational,5400,Low
Beginners,facebook ads for beginners,Beginner,Informational,12100,Medium
Beginners,how to advertise on facebook,Beginner,Informational,22200,Medium
Beginners,facebook ads setup,Beginner,Informational,8100,Medium
Beginners,facebook ads basics,Beginner,Informational,3600,Low
Beginners,create facebook ad,Beginner,Informational,8100,Medium
Beginners,facebook ads step by step,Beginner,Informational,4400,Low
Beginners,facebook ads for small business,Beginner,Informational,9900,Medium
Beginners,how to start facebook ads,Beginner,Informational,5400,Low
Beginners,facebook ad account setup,Beginner,Informational,3600,Low
Beginners,facebook ads beginner guide 2025,Beginner,Informational,1900,Low
Ecommerce,facebook ads for ecommerce,Ecommerce,Commercial,8100,Medium
Ecommerce,facebook ads for shopify,Ecommerce,Commercial,9900,Medium
Ecommerce,shopify facebook ads,Ecommerce,Commercial,8100,Medium
Ecommerce,facebook dynamic product ads,Ecommerce,Informational,5400,Medium
Ecommerce,advantage plus shopping campaigns,Ecommerce,Informational,2400,Low
Ecommerce,facebook catalog ads,Ecommerce,Informational,3600,Low
Ecommerce,facebook ads ecommerce strategy,Ecommerce,Commercial,2900,Low
Ecommerce,meta advantage shopping,Ecommerce,Informational,1900,Low
Ecommerce,facebook ads product catalog,Ecommerce,Informational,2400,Low
Ecommerce,facebook ads shopify store,Ecommerce,Commercial,3600,Low
Creative,facebook ads creative strategy,Creative,Informational,5400,Low
Creative,facebook ad creatives,Creative,Informational,8100,Medium
Creative,ugc ads facebook,Creative,Informational,3600,Low
Creative,facebook video ads,Creative,Informational,12100,Medium
Creative,facebook ad copy,Creative,Informational,8100,Medium
Creative,best facebook ads,Creative,Informational,22200,High
Creative,facebook ad examples,Creative,Informational,27100,High
Creative,facebook ads images,Creative,Informational,8100,Medium
Creative,facebook carousel ads,Creative,Informational,5400,Medium
Creative,facebook ad hooks,Creative,Informational,1900,Low
Testing,facebook ads testing,Testing,Informational,4400,Low
Testing,facebook ads split testing,Testing,Informational,3600,Low
Testing,facebook ads ab test,Testing,Informational,2900,Low
Testing,cbo testing facebook ads,Testing,Informational,1600,Low
Testing,facebook ads a/b testing,Testing,Informational,2400,Low
Testing,how to test facebook ads,Testing,Informational,2900,Low
Testing,facebook ads campaign structure,Testing,Informational,4400,Low
Testing,facebook ads cbo vs abo,Testing,Informational,1900,Low
Testing,facebook ads ad set testing,Testing,Informational,1300,Low
Testing,facebook ads creative testing,Testing,Informational,2400,Low
Scaling,how to scale facebook ads,Scaling,Informational,5400,Low
Scaling,scale facebook ads,Scaling,Informational,3600,Low
Scaling,facebook ads scaling strategy,Scaling,Informational,2400,Low
Scaling,facebook ads budget optimization,Scaling,Informational,3600,Low
Scaling,facebook ads horizontal scaling,Scaling,Informational,1000,Low
Scaling,facebook ads vertical scaling,Scaling,Informational,880,Low
Scaling,facebook ads automated rules,Scaling,Informational,1600,Low
Scaling,when to scale facebook ads,Scaling,Informational,1300,Low
Scaling,scale facebook ads without losing roas,Scaling,Informational,720,Low
Scaling,facebook ads spending,Scaling,Informational,2900,Medium
Pixel,meta pixel,Pixel,Informational,22200,Medium
Pixel,facebook pixel setup,Pixel,Informational,12100,Medium
Pixel,facebook pixel events,Pixel,Informational,5400,Medium
Pixel,meta conversions api,Pixel,Informational,4400,Low
Pixel,facebook server side tracking,Pixel,Informational,2400,Low
Pixel,ios 14 facebook ads,Pixel,Informational,5400,Low
Pixel,facebook pixel not tracking,Pixel,Informational,3600,Low
Pixel,facebook pixel shopify,Pixel,Informational,5400,Low
Pixel,capi facebook,Pixel,Informational,2900,Low
Pixel,facebook purchase event,Pixel,Informational,1900,Low
Audiences,facebook ads targeting,Audiences,Informational,27100,High
Audiences,facebook lookalike audience,Audiences,Informational,12100,Medium
Audiences,facebook custom audience,Audiences,Informational,14800,Medium
Audiences,facebook audience research,Audiences,Informational,3600,Low
Audiences,advantage plus audience,Audiences,Informational,2900,Low
Audiences,facebook interest targeting,Audiences,Informational,5400,Medium
Audiences,facebook retargeting,Audiences,Informational,14800,Medium
Audiences,facebook warm audience,Audiences,Informational,1600,Low
Audiences,facebook cold audience,Audiences,Informational,1300,Low
Audiences,facebook remarketing,Audiences,Informational,9900,Medium
Metrics,facebook ads roas,Metrics,Informational,8100,Medium
Metrics,facebook ads metrics,Metrics,Informational,4400,Low
Metrics,facebook ads cpm,Metrics,Informational,5400,Low
Metrics,facebook ads ctr,Metrics,Informational,5400,Low
Metrics,facebook ads cost per result,Metrics,Informational,2900,Low
Metrics,facebook ads kpis,Metrics,Informational,1900,Low
Metrics,facebook ads frequency,Metrics,Informational,2400,Low
Metrics,facebook ads hook rate,Metrics,Informational,880,Low
Metrics,facebook ads reporting,Metrics,Informational,3600,Low
Metrics,facebook ads cost per purchase,Metrics,Informational,3600,Low
Buyer Intent,best facebook ads course,Buyer,Commercial,5400,Medium
Buyer Intent,facebook ads mastery playbook,Buyer,Commercial,480,Low
Buyer Intent,facebook ads training,Buyer,Commercial,9900,Medium
Buyer Intent,learn facebook advertising,Buyer,Commercial,8100,Medium
Buyer Intent,facebook ads masterclass,Buyer,Commercial,4400,Medium
Buyer Intent,facebook advertising course,Buyer,Commercial,6600,Medium
Buyer Intent,buy facebook ads course,Buyer,Transactional,1300,Low
Buyer Intent,facebook ads coaching,Buyer,Commercial,2900,Low
Buyer Intent,meta ads certification,Buyer,Commercial,3600,Low
Buyer Intent,facebook ads ebook,Buyer,Transactional,1900,Low
Low Competition,facebook ads for coaches,LowComp,Commercial,1900,Low
Low Competition,facebook ads for consulting,LowComp,Commercial,1600,Low
Low Competition,facebook ads for local business,LowComp,Commercial,3600,Low
Low Competition,facebook ads for saas,LowComp,Commercial,1300,Low
Low Competition,facebook ads for real estate,LowComp,Commercial,4400,Low
Low Competition,facebook ads for dentists,LowComp,Commercial,1900,Low
Low Competition,facebook ads for restaurants,LowComp,Commercial,2900,Low
Low Competition,facebook ads for gyms,LowComp,Commercial,1600,Low
Low Competition,facebook ads attribution,LowComp,Informational,2400,Low
Low Competition,meta ads reporting dashboard,LowComp,Informational,880,Low
Long Tail,how to reduce facebook ads cost per purchase,LongTail,Informational,480,Low
Long Tail,why are my facebook ads not converting,LongTail,Informational,1300,Low
Long Tail,facebook ads learning phase how long,LongTail,Informational,1600,Low
Long Tail,how much should i spend on facebook ads,LongTail,Informational,3600,Low
Long Tail,facebook ads not spending budget,LongTail,Informational,2400,Low
Long Tail,how to find winning facebook ad creatives,LongTail,Informational,720,Low
Long Tail,facebook ads creative fatigue,LongTail,Informational,1600,Low
Long Tail,how to exit facebook ads learning phase,LongTail,Informational,1300,Low
Long Tail,facebook ads roas below 1,LongTail,Informational,480,Low
Long Tail,best time to run facebook ads,LongTail,Informational,2900,Low
Long Tail,facebook ads targeting after ios 14,LongTail,Informational,1300,Low
Long Tail,how to scale facebook ads from 100 to 1000 per day,LongTail,Informational,390,Low
Long Tail,facebook ads vs google ads for ecommerce,LongTail,Informational,2900,Low
Long Tail,advantage plus shopping vs manual campaign,LongTail,Informational,720,Low
Long Tail,how to build a facebook retargeting funnel,LongTail,Informational,880,Low
Long Tail,facebook dynamic ads not spending,LongTail,Informational,480,Low
Long Tail,how to test facebook ad audiences,LongTail,Informational,590,Low
Long Tail,facebook ads cbo how many ad sets,LongTail,Informational,1000,Low
Long Tail,facebook ads lookalike audience size,LongTail,Informational,1600,Low
Long Tail,how to write facebook ad copy that converts,LongTail,Informational,720,Low
Question,what is facebook ads mastery,Question,Informational,480,Low
Question,how do facebook ads work,Question,Informational,8100,Medium
Question,are facebook ads worth it,Question,Informational,5400,Low
Question,how much do facebook ads cost,Question,Informational,22200,Medium
Question,what is a good roas for facebook ads,Question,Informational,2900,Low
Question,what is facebook pixel,Question,Informational,14800,Medium
Question,how to improve facebook ads performance,Question,Informational,3600,Low
Question,what is cpc on facebook ads,Question,Informational,2400,Low
Question,how to target the right audience on facebook,Question,Informational,3600,Low
Question,what is advantage plus on facebook ads,Question,Informational,2400,Low
Question,how to create a facebook ad that converts,Question,Informational,2900,Low
Question,what is creative fatigue in facebook ads,Question,Informational,720,Low
Question,why are my facebook ads not getting results,Question,Informational,2400,Low
Question,how to scale facebook ads profitably,Question,Informational,1600,Low
Question,what is a good ctr for facebook ads,Question,Informational,3600,Low
Question,how to install meta pixel on shopify,Question,Informational,2900,Low
Question,what is conversions api facebook,Question,Informational,1900,Low
Question,how long does facebook ads learning phase take,Question,Informational,1900,Low
Question,when to scale facebook ads budget,Question,Informational,1300,Low
Question,how to reduce cpm on facebook ads,Question,Informational,1600,Low
